Author,Committer,Commit Date,Tree URL
Chris,Chris,2023-01-25T00:48:45Z,https://api.github.com/repos/bakkesmodorg/BakkesModSDK/git/trees/cc15d34771387a84b528bf144ed90627164cb33f
Chris,Chris,2022-11-30T00:34:47Z,https://api.github.com/repos/bakkesmodorg/BakkesModSDK/git/trees/9962115b58a54a0a71b67770967dfb2cfb64cf96
Chris,Chris,2022-11-01T23:27:29Z,https://api.github.com/repos/bakkesmodorg/BakkesModSDK/git/trees/4745e2ffbe7c0898138fdb93a76e319cb2199436
Chris,Chris,2022-06-15T00:04:37Z,https://api.github.com/repos/bakkesmodorg/BakkesModSDK/git/trees/b0ce9c0b882665b368af395d3780a3166c0184c2
Chris,Chris,2022-03-30T18:02:43Z,https://api.github.com/repos/bakkesmodorg/BakkesModSDK/git/trees/3964a0d0d010582b38422ff327af96557befc9fe
Chris,Chris,2022-03-08T22:19:49Z,https://api.github.com/repos/bakkesmodorg/BakkesModSDK/git/trees/20587a4ad1167b345a9ef6d92f06e157178a1f2f
Chris,GitHub,2022-01-26T01:20:13Z,https://api.github.com/repos/bakkesmodorg/BakkesModSDK/git/trees/1b7f6e560d1666b6ff9559b5717c7f4f03a5b44f
Chris,Chris,2022-01-26T01:18:28Z,https://api.github.com/repos/bakkesmodorg/BakkesModSDK/git/trees/1b7f6e560d1666b6ff9559b5717c7f4f03a5b44f
Chris,Chris,2022-01-24T17:22:01Z,https://api.github.com/repos/bakkesmodorg/BakkesModSDK/git/trees/6b1b1fc63c0705ddc5289b3126426f4b81ccb0f3
Chris,Chris,2022-01-24T17:21:37Z,https://api.github.com/repos/bakkesmodorg/BakkesModSDK/git/trees/e85dd017f2b53ceb8ea31db5ce86d1f540038c63
Chris,GitHub,2021-10-21T23:46:00Z,https://api.github.com/repos/bakkesmodorg/BakkesModSDK/git/trees/079183f3dc87030b5930c7e7806bae8fb1571b9f
Chris,Chris,2021-08-25T14:07:47Z,https://api.github.com/repos/bakkesmodorg/BakkesModSDK/git/trees/3126ebbda5ba24c7862c9e29a588801c7d40dfd8
Chris,Chris,2021-08-19T17:42:10Z,https://api.github.com/repos/bakkesmodorg/BakkesModSDK/git/trees/57846e632d00339c002248b3d04843118c7c8c2f
Bakkes,Bakkes,2021-08-10T22:47:27Z,https://api.github.com/repos/bakkesmodorg/BakkesModSDK/git/trees/f49368dcbba43da634a5c89ab5989d651c4de7cb
Bakkes,Bakkes,2021-08-10T22:34:25Z,https://api.github.com/repos/bakkesmodorg/BakkesModSDK/git/trees/1e12b3fc53d67c6b0d31eb8bd9fadf720a383842
Chris,GitHub,2021-07-07T18:05:25Z,https://api.github.com/repos/bakkesmodorg/BakkesModSDK/git/trees/70bdf7cebc84bceeb4cef951bd8fccc187c43e1f
Chris,GitHub,2021-07-07T17:51:40Z,https://api.github.com/repos/bakkesmodorg/BakkesModSDK/git/trees/82741aadcb6c73006aadadfda5ddfe2c0eeaf0b3
Bakkes,Bakkes,2021-05-19T23:04:55Z,https://api.github.com/repos/bakkesmodorg/BakkesModSDK/git/trees/bb883ef4850b4d75463d3c6e6f8c962190fb93d1
Max Timkovich,Max Timkovich,2021-04-17T19:46:07Z,https://api.github.com/repos/bakkesmodorg/BakkesModSDK/git/trees/a166dd6631bf7db8a627889721b760ce80ef27ce
Bakkes,Bakkes,2021-04-14T23:44:03Z,https://api.github.com/repos/bakkesmodorg/BakkesModSDK/git/trees/596deadb120a8e1e543d4fda0f18dfb3934de027
Bakkes,Bakkes,2021-04-14T23:42:58Z,https://api.github.com/repos/bakkesmodorg/BakkesModSDK/git/trees/6119db4338df8a8d30b36dc1487dd653bbde26cf
Bakkes,Bakkes,2021-04-07T00:55:24Z,https://api.github.com/repos/bakkesmodorg/BakkesModSDK/git/trees/6fdf0029a272eb3d89310c329feb681ed55a7a2a
Bakkes,Bakkes,2021-02-16T01:06:58Z,https://api.github.com/repos/bakkesmodorg/BakkesModSDK/git/trees/b5066985c9977eedd5cff18ea288b4caa401ad93
Bakkes,Bakkes,2021-02-02T00:44:41Z,https://api.github.com/repos/bakkesmodorg/BakkesModSDK/git/trees/f05e127c2a62fa257764a82fd8f2481870309d28
Bakkes,Bakkes,2021-01-03T00:05:04Z,https://api.github.com/repos/bakkesmodorg/BakkesModSDK/git/trees/8503ff3c71655524e23251f3b05d0214e9d8029f
Bakkes,Bakkes,2020-11-30T11:14:17Z,https://api.github.com/repos/bakkesmodorg/BakkesModSDK/git/trees/e7859190409055ed94fbde372f2c81cf6f6d48be
Bakkes,Bakkes,2020-09-29T16:19:21Z,https://api.github.com/repos/bakkesmodorg/BakkesModSDK/git/trees/99db0709d5b2c2c950e222323d5bbd00b47c7c06
Bakkes,Bakkes,2020-08-11T08:53:12Z,https://api.github.com/repos/bakkesmodorg/BakkesModSDK/git/trees/282a0f7d28057a7a8c66c3d3efd9595d3c39a8f5
Bakkes,Bakkes,2020-06-28T11:43:31Z,https://api.github.com/repos/bakkesmodorg/BakkesModSDK/git/trees/79a83929e3cc538cdab0373a5f79cec52010deb0
Bakkes,Bakkes,2020-06-17T18:46:46Z,https://api.github.com/repos/bakkesmodorg/BakkesModSDK/git/trees/0d4292f6f02805417e3d4d0e71362441a214482e
Bakkes,Bakkes,2020-03-13T23:51:33Z,https://api.github.com/repos/bakkesmodorg/BakkesModSDK/git/trees/073d317bef9fefaef1b60202e2825ffdac806cd8
Bakkes,Bakkes,2019-12-04T17:35:26Z,https://api.github.com/repos/bakkesmodorg/BakkesModSDK/git/trees/fcfd8f748c9635df289c645e9d625943fb2fa080
Bakkes,Bakkes,2019-08-29T16:33:52Z,https://api.github.com/repos/bakkesmodorg/BakkesModSDK/git/trees/bbfa6040a2a1e9dc1daf160ab9f61d18210aa97c
Chris,Chris,2019-02-27T23:40:39Z,https://api.github.com/repos/bakkesmodorg/BakkesModSDK/git/trees/622c3828a9483cef367fa132214cbe1262c5888f
Chris,Chris,2019-02-20T03:00:04Z,https://api.github.com/repos/bakkesmodorg/BakkesModSDK/git/trees/7946cab2aa506d6fc2a03d2130fefac3054d305c
Chris,Chris,2018-10-04T12:03:19Z,https://api.github.com/repos/bakkesmodorg/BakkesModSDK/git/trees/15472e0d979ba46fc2c9bc94333298e37d2f688b
Bakkes,Bakkes,2018-07-30T23:25:45Z,https://api.github.com/repos/bakkesmodorg/BakkesModSDK/git/trees/cc4e8c138708cbb4a18c22fa3d878eeaf3c70cd4
Chris,GitHub,2018-06-03T19:34:54Z,https://api.github.com/repos/bakkesmodorg/BakkesModSDK/git/trees/7cbe893c1b3373188aad41e5f258b704daa605d8
Chris,GitHub,2018-06-03T19:32:59Z,https://api.github.com/repos/bakkesmodorg/BakkesModSDK/git/trees/bbb1ab0019bf3358fb611265f4c073d6fd7bfb8c
Chris,GitHub,2018-06-03T19:30:45Z,https://api.github.com/repos/bakkesmodorg/BakkesModSDK/git/trees/677c4f1821244c1b031a857729128140c1facc27
Bakkes,Bakkes,2018-06-02T19:12:10Z,https://api.github.com/repos/bakkesmodorg/BakkesModSDK/git/trees/f40006ca322f0a09a24046f453719ed4834291cc
Bakkes,Bakkes,2018-05-11T17:44:23Z,https://api.github.com/repos/bakkesmodorg/BakkesModSDK/git/trees/68715bbc8fa92de98023c213a7346b57c6dae69d
Bakkes,Bakkes,2018-03-05T20:38:24Z,https://api.github.com/repos/bakkesmodorg/BakkesModSDK/git/trees/85e8cb2560ceba7210fcd38b4499963ac51228e2
Bakkes,Bakkes,2018-02-26T21:30:37Z,https://api.github.com/repos/bakkesmodorg/BakkesModSDK/git/trees/6e24c38e2817bafb0c8c11323cbab2c30787b8c2
Bakkes,Bakkes,2018-02-26T20:32:09Z,https://api.github.com/repos/bakkesmodorg/BakkesModSDK/git/trees/50ed31095c68967421bd92e181f480214b4ffd0f
Bakkes,Bakkes,2018-02-26T20:30:04Z,https://api.github.com/repos/bakkesmodorg/BakkesModSDK/git/trees/cec0b17f8e9d5c3ca0349354884ad32679adfdd9
Bakkes,Bakkes,2018-02-26T20:28:57Z,https://api.github.com/repos/bakkesmodorg/BakkesModSDK/git/trees/d40077f6dda8456c216415e255ec9c3656af4b4c
Bakkes,Bakkes,2018-02-26T20:21:27Z,https://api.github.com/repos/bakkesmodorg/BakkesModSDK/git/trees/427205228cfa6b23893acb5b9a578ccaa4488929
Bakkes,Bakkes,2018-01-17T15:29:00Z,https://api.github.com/repos/bakkesmodorg/BakkesModSDK/git/trees/0e62ee4c2004f53f5ae39146db9473b2dcf86945
Bakkes,Bakkes,2018-01-08T17:46:25Z,https://api.github.com/repos/bakkesmodorg/BakkesModSDK/git/trees/0df28390ff8e029d9f13f547a63d6c8f02969715
Bakkes,Bakkes,2018-01-04T18:08:32Z,https://api.github.com/repos/bakkesmodorg/BakkesModSDK/git/trees/49d398f4440258a169c9c65fb0b6ee31a2e648f1
Bakkes,Bakkes,2017-12-13T23:22:01Z,https://api.github.com/repos/bakkesmodorg/BakkesModSDK/git/trees/4487afb8383cc1df8733cb8a31372ea5baa6bc7b
Bakkes,Bakkes,2017-12-02T15:46:47Z,https://api.github.com/repos/bakkesmodorg/BakkesModSDK/git/trees/0bbc75aa9024dacfeb188be4d87880533e55e8cc
Chris,Chris,2017-11-13T16:59:40Z,https://api.github.com/repos/bakkesmodorg/BakkesModSDK/git/trees/eb3b3721d8294cb757dd00b5ff2ca9bba108ead2
Chris,Chris,2017-11-06T19:19:36Z,https://api.github.com/repos/bakkesmodorg/BakkesModSDK/git/trees/1bd8968aba6b86b432d5647a9a6c5b91d8101c7f
Chris,Chris,2017-10-02T14:07:18Z,https://api.github.com/repos/bakkesmodorg/BakkesModSDK/git/trees/55ba2b676918795409ea9bc53bb5cdc1cf1c1da6
Chris,Chris,2017-07-31T19:18:06Z,https://api.github.com/repos/bakkesmodorg/BakkesModSDK/git/trees/4b1556e9d231a099141f9fe752f2b830204547de
Bakkes,Bakkes,2017-05-12T14:47:49Z,https://api.github.com/repos/bakkesmodorg/BakkesModSDK/git/trees/0002efae80edd8dc87cf1e489c6f377fcae7b2e0
Bakkes,Bakkes,2017-04-15T12:16:53Z,https://api.github.com/repos/bakkesmodorg/BakkesModSDK/git/trees/18f0d8b94097ece0c7d286b6e65d22a7d364b13d
Bakkes,Bakkes,2017-04-06T17:58:11Z,https://api.github.com/repos/bakkesmodorg/BakkesModSDK/git/trees/2e1a02b03b89f9dea8b2c8c9c010bba3d32310c0
Bakkes,Bakkes,2017-03-13T23:06:10Z,https://api.github.com/repos/bakkesmodorg/BakkesModSDK/git/trees/1a1d8b9e95e479b4634f9098d304dba24f8746ce
Bakkes,Bakkes,2017-03-07T00:07:15Z,https://api.github.com/repos/bakkesmodorg/BakkesModSDK/git/trees/e0420af6bd2f26581cceccb4738974ae3bc46df2
Bakkes,Bakkes,2016-11-21T15:32:35Z,https://api.github.com/repos/bakkesmodorg/BakkesModSDK/git/trees/29089797a4cde2f2a7856a4d5fd7974f4836f73b
Bakkes,Bakkes,2016-11-11T17:15:50Z,https://api.github.com/repos/bakkesmodorg/BakkesModSDK/git/trees/30283cd8ff6ae2b86d9a03339505e7055b4c0246
Bakkes,Bakkes,2016-11-11T13:10:09Z,https://api.github.com/repos/bakkesmodorg/BakkesModSDK/git/trees/ae982d468daea1a29c74a7b725f1bcc5dd508405
Chris,GitHub,2016-11-08T21:52:52Z,https://api.github.com/repos/bakkesmodorg/BakkesModSDK/git/trees/324dc753a831a994fccd2421f21dccac4baeb9cd
Bakkes,Bakkes,2016-11-08T17:33:51Z,https://api.github.com/repos/bakkesmodorg/BakkesModSDK/git/trees/60131f3665a862d25ee59e4df65fe925fa7baa68
